config,name
"{'dtype': 'torch.float64', 'model': 'mlp-tanh-64', 'wandb': True, 'ENGD_lr': ['grid_line_search', [9.313225746154783e-10, 1.862645149230957e-09, 3.725290298461914e-09, 7.450580596923828e-09, 1.4901161193847656e-08, 2.9802322387695312e-08, 5.960464477539064e-08, 1.1920928955078125e-07, 2.384185791015625e-07, 4.76837158203125e-07, 9.5367431640625e-07, 1.9073486328125e-06, 3.814697265625e-06, 7.62939453125e-06, 1.52587890625e-05, 3.0517578125e-05, 6.103515625e-05, 0.0001220703125, 0.000244140625, 0.00048828125, 0.0009765625, 0.001953125, 0.00390625, 0.0078125, 0.015625, 0.03125, 0.0625, 0.125, 0.25, 0.5, 1]], 'N_Omega': 3000, 'N_dOmega': 500, 'equation': 'poisson', 'max_logs': 150, 'data_seed': 0, 'dim_Omega': 5, 'num_steps': 50000, 'optimizer': 'ENGD', 'model_seed': 1, 'ENGD_damping': 0.001, 'ENGD_ema_factor': 0.3, 'ENGD_approximation': 'per_layer', 'ENGD_initialize_to_identity': True}",rose-sweep-14
