input_dimension,time
1,0.03251234690348307
10,0.10360916455586751
100,0.8393487930297852
