input_dimension,time
1,0.0510411262512207
10,0.19611493746439615
100,1.6721541086832683
