input_dimension,peakmem
1,0.20929574966430664
10,0.9836773872375488
100,8.795471668243408
