input_dimension,peakmem
1,0.21697092056274414
10,0.6085400581359863
100,4.553146839141846
